-- phpMyAdmin SQL Dump
-- version 4.5.1
-- http://www.phpmyadmin.net
--
-- Host: 127.0.0.1
-- Generation Time: Sep 06, 2016 at 05:19 PM
-- Server version: 10.1.13-MariaDB
-- PHP Version: 7.0.6

SET SQL_MODE = "NO_AUTO_VALUE_ON_ZERO";
SET time_zone = "+00:00";


/*!40101 SET @OLD_CHARACTER_SET_CLIENT=@@CHARACTER_SET_CLIENT */;
/*!40101 SET @OLD_CHARACTER_SET_RESULTS=@@CHARACTER_SET_RESULTS */;
/*!40101 SET @OLD_COLLATION_CONNECTION=@@COLLATION_CONNECTION */;
/*!40101 SET NAMES utf8mb4 */;

--
-- Database: `newsapp`
--

-- --------------------------------------------------------

--
-- Table structure for table `category`
--

CREATE TABLE `category` (
  `id_cat` int(255) NOT NULL,
  `name` varchar(120) COLLATE utf8_unicode_ci NOT NULL
) ENGINE=InnoDB DEFAULT CHARSET=utf8 COLLATE=utf8_unicode_ci;

--
-- Dumping data for table `category`
--

INSERT INTO `category` (`id_cat`, `name`) VALUES
(1, 'Thời sự'),
(2, 'Thế giới'),
(3, 'Kinh doanh'),
(4, 'Thể thao'),
(6, 'Pháp luật'),
(7, 'Giáo dục'),
(8, 'Sức khỏe'),
(19, 'Gia đình'),
(20, 'Du lịch'),
(21, 'Khoa học'),
(22, 'Số hóa'),
(23, 'Xe'),
(24, 'Cộng đồng'),
(25, 'Tâm sự'),
(26, 'Video');

-- --------------------------------------------------------

--
-- Table structure for table `news`
--

CREATE TABLE `news` (
  `id_news` int(255) NOT NULL,
  `name` varchar(200) COLLATE utf8_unicode_ci NOT NULL,
  `preview_text` text COLLATE utf8_unicode_ci NOT NULL,
  `detail_text` text COLLATE utf8_unicode_ci,
  `id_cat` int(255) NOT NULL,
  `picture` varchar(120) COLLATE utf8_unicode_ci DEFAULT NULL,
  `date_create` datetime DEFAULT CURRENT_TIMESTAMP
) ENGINE=InnoDB DEFAULT CHARSET=utf8 COLLATE=utf8_unicode_ci;

--
-- Dumping data for table `news`
--

INSERT INTO `news` (`id_news`, `name`, `preview_text`, `detail_text`, `id_cat`, `picture`, `date_create`) VALUES
(1, 'Phát ngôn viên IS chết - đòn giáng nặng vào bộ máy kích động khủng bố', 'Phát ngôn viên của IS vừa bị tiêu diệt là kẻ đứng sau những thông điệp đe dọa, xúi giục những "con sói đơn độc" tấn công phương Tây. ', 'Ngày 30/8, hãng tin Amaq, cơ quan truyền thông của IS cho biết Abu Muhammad al-Adnani, 39 tuổi, phát ngôn viên của IS đã chết tại Aleppo, Syria.\r\n\r\nTheo Washington Post, Adnani sinh ra ở thị trấn Binnish, tỉnh Idlib, miền bắc Syria. Y nằm trong nhóm chiến binh chủ chốt của IS từng có quan hệ trực tiếp với Abu Musab al-Zarqawi, thủ lĩnh đã bị tiêu diệt của Al-Qaeda ở Iraq (AQI) - tổ chức tiền thân của IS. Nhà báo Italy Daniele Raineri cho rằng Adnani là một trong ba người cuối cùng còn sống trong số 43 người sáng lập ra IS.\r\n\r\n"Ông ta là phát ngôn viên hiệu quả nhất và nổi tiếng nhất của IS. Cuộc khẩu chiến giữa al-Qaeda và IS, lý lẽ biện minh cho cuộc chiến chống phương Tây, tất cả đều do Adnani thực hiện", Will McCants, một cựu quan chức Bộ Ngoại giao Mỹ đồng thời là một chuyên gia nghiên cứu IS, cho biết.\r\n\r\nGiống như thủ lĩnh tối cao IS Abu Bakr al-Baghdadi, Adnani được cho là từng bị Mỹ giam giữ ở Iraq cách đây khoảng một thập kỷ. Y đã giúp tổ chức tiền thân của IS thoát khỏi bờ vực bị hủy diệt và tái xuất với tên gọi Nhà nước Hồi giáo.\r\n\r\nTrong các thông báo về cái chết của Adnani, IS mô tả y là hậu duệ của bộ tộc và dòng tộc Nhà tiên tri Muhammad, manh mối cho thấy Adnani có thể đã được dọn đường để lên thay thế Abu Bakr al-Baghdadi, nếu thủ lĩnh tối cao IS bị tiêu diệt, McCants nhận xét.\r\n\r\nAdnani cũng là kiến trúc sư chủ chốt của một bộ máy tuyên truyền khổng lồ sản xuất hàng nghìn video bao gồm những cảnh quay chặt đầu rùng rợn, giúp thu hút hàng nghìn tay súng nước ngoài đến gia nhập hàng ngũ IS ở Iraq và Syria.\r\n\r\nMichael Weiss, tác giả một cuốn sách về IS, thì cho rằng Adnani chính là người quyền lực số hai trong nhóm.\r\n\r\nBộ Ngoại giao Mỹ từng mô tả y là "kênh quan trọng nhất để phát tán các thông điệp của IS". Cơ quan này treo giải thưởng 5 triệu USD cho người cung cấp thông tin giúp bắt giữ hoặc tiêu diệt y. Cuối năm ngoái, một quan chức tình báo cấp cao Mỹ tiết lộ Adnani mới là thành viên IS mà Mỹ muốn tiêu diệt nhất chứ không phải thủ lĩnh tối cao Abu Bakr al-Baghdadi.\r\n\r\nKích động khủng bố phương Tây\r\n\r\nMặc dù có rất ít thông tin về cấu trúc và cách tổ chức, lên kế hoạch tấn công ở nước ngoài của IS, các quan chức Mỹ và các chuyên gia chống khủng bố vẫn cho rằng Adnani đóng vai trò quan trọng trong việc tìm kiếm các thành viên mới ở châu Âu và những nơi khác, rồi sau đó huấn luyên họ và cử họ trở về nước để thực hiện các vụ tấn công.\r\n\r\nTổ chức Dự án chống chủ nghĩa cực đoan cho biết Adnani là thủ lĩnh của Emni, một đơn vị IS chịu trách nhiệm phát động các cuộc tấn công bên ngoài Trung Đông.\r\n\r\nChuyên gia chống khủng bố Laith al-Khouri nhận định Adnani là giọng nói chính đằng sau những thông điệp đe dọa đối với phương Tây. Trong các thông điệp xúi giục, Adnani đã đề ra và truyền bá chương trình bạo lực của IS, liên tục nhấn mạnh ưu tiên tấn công nhằm vào phương Tây. Trong tháng Ramadan của người Hồi giáo năm nay, một bản ghi âm được cho là của Adnani đã xúi giục các chiến binh thực hiện "tháng đánh chiếm và jihad. Hãy chuẩn bị, sẵn sàng để tạo ra một tháng tai họa ở khắp mọi nơi cho những kẻ ngoại đạo".\r\n\r\nTrong một bài viết đăng trên Dabiq - tạp chí tiếng Anh của IS, y kêu gọi những con sói đơn độc tấn công vào các mục tiêu phương Tây và sử dụng bất cứ phương tiện tấn công nào sẵn có. "Nếu các anh không thể tìm được bom đạn, hãy ném đá, giết người bằng dao hay lái xe cán người", y viết.\r\n\r\nHai bình luận viên Missy Ryan và Greg Miller của Washington Post cho rằng cái chết của Adnani gây tổn thất cho IS trên hai lĩnh vực vốn giúp tổ chức này trở nên đặc biệt nguy hiểm: sử dụng mạng xã hội để tiếp cận người ủng hộ trên toàn cầu và khả năng lên kế hoạch, triển khai các hình thức bạo lực thô bạo nhất bên ngoài Iraq và Syria. Đây là một tổn thất rất lớn vào thời điểm IS đang vất vả chống đỡ các cuộc tấn công từ lực lượng được phương Tây hậu thuẫn cũng như chiến dịch không kích kéo dài hai năm qua, đã khiến IS mất nhiều đất và nguồn lực.\r\n\r\nChuyên gia phân tích khủng bố Rita Katz, giám đốc tổ chức SITE Intelligence, nhận định cái chết của Adnani là "đòn giáng mạnh" đối với IS.\r\n\r\n"Vai trò của Adnani vượt ra khỏi tư cách phát ngôn viên. Y có liên quan chặt chẽ với các hoạt động bên ngoài Trung Đông", Thomas Joscelyn, học giả ở Quỹ Bảo vệ Dân chủ, có trụ sở ở Washington, nhận xét.\r\n\r\n"Adnani đóng nhiều vai trò trong tổ chức. Vì vậy, IS sẽ phải cần đến vài người để thay thế y", Joscelyn nói.', 2, 'imagehere.png', '2015-09-04 22:47:57'),
(2, 'Tổng thống Philippines từ chối gặp tổng thư ký LHQ', 'Tổng thống Philippines từ chối gặp tổng thư ký Liên Hợp Quốc bên lề hội nghị thượng đỉnh ASEAN chuẩn bị diễn ra tại Lào.', 'AFP dẫn lời Stephane Dujarric, người phát ngôn Liên Hợp Quốc, nói "họ đã liên lạc để thiết lập" cuộc gặp giữa Tổng thống Philippines Rodrigo Duterte và Tổng thư ký Liên Hợp Quốc Ban Ki-moon bên lề hội nghị thượng đỉnh ASEAN tại Lào tuần tới nhưng "không thống nhất được thời gian".\r\n\r\nPhilippines ngày 1/9 cho biết có 11 nguyên thủ đề nghị gặp Tổng thống Duterte trong thời gian diễn ra hội nghị thượng đỉnh ASEAN, ngày 6 đến 8/9, và ông nhận lời 9 người.\r\n\r\n"Xin hiểu rằng ông ấy không thể nhận lời tất cả và không nên quy kết sự tiêu cực cho những trường hợp không đáp ứng được", người phát ngôn Bộ Ngoại giao Philippines Charles Jose nói.\r\n\r\nTheo Emesto Abella, người phát ngôn tổng thống Philippines, hội nghị thượng đỉnh ASEAN "rất nhiều người" và "một số cuộc gặp tiềm năng đã phải hủy bỏ".\r\n\r\nTổng thống Duterte từng vài lần công kích Liên Hợp Quốc sau khi một báo cáo viên đặc biệt của tổ chức này chỉ trích chiến dịch trấn áp ma túy tại Philippines. Ông Duterte dọa rút khỏi Liên Hợp Quốc, sau đó nói đây chỉ là "trò đùa".\r\n\r\nGần 2.000 người đã thiệt mạng từ khi ông Duterte nhậm chức ngày 30/6 và lập tức bắt đầu chiến dịch chống ma túy, theo cảnh sát trưởng quốc gia Philippines. Duterte nhấn mạnh phần lớn trong số 756 người bị cảnh sát tiêu diệt là nghi phạm dính líu đến ma túy cố chống cự để không bị bắt. Số còn lại là thành viên các băng đảng thiệt mạng khi đấu đá lẫn nhau.', 1, 'imagehere.png', '2016-09-05 22:50:54'),
(3, 'Lọc dầu Dung Quất được giải cứu bằng cơ chế giá', 'Theo quyết định mới ban hành của Thủ tướng, Lọc hoá dầu Bình Sơn - đơn vị quản lý nhà máy Dung Quất - được phép tự tính giá bán xăng dầu để có thể cạnh tranh với hàng nhập khẩu.', 'Thủ tướng Nguyễn Xuân Phúc vừa có Quyết định 1725 (thay thế Quyết định 952/2012) về cơ chế tài chính cho Công ty TNHH MTV Lọc hóa dầu Bình Sơn (BSR - đơn vị quản lý Nhà máy lọc dầu Dung Quất), cho phép doanh nghiệp được tự chủ về tài chính từ 1/1/2017. \r\n\r\nCụ thể, Chính phủ sẽ bỏ thu điều tiết đối với các sản phẩm dầu, khí hoá lỏng (LPG), sản phẩm hoá dầu tiêu dùng trong nước, vốn đang ở mức 13% đối với xăng. Đổi lại, các ưu đãi như việc cộng 3-7% thuế nhập khẩu vào giá bán xăng dầu thành phẩm cũng sẽ được thu hồi. Chính phủ cũng đồng thời đồng ý giảm thuế nhập khẩu dầu diesel và nguyên liệu bay Jet A1 cho BSR từ 10% về 0%.\r\nChia sẻ với VnExpress, ông Trần Ngọc Nguyên - Tổng giám đốc Công ty TNHH MTV Lọc dầu Bình Sơn cho hay, với quyết định này, BSR sẽ chủ động cạnh tranh. Hiện đơn vị mới đáp ứng được 40% nhu cầu xăng dầu thị trường, 60% còn lại vẫn phải nhập khẩu. Vì vậy, việc đưa giá xăng dầu cạnh tranh với hàng ngoại nhập là điều kiện tốt để các doanh nghiệp phân phối có thể mua hàng sản xuất trong nước thời gian tới.\r\n\r\nTheo Tổng giám đốc BSR, hiện doanh nghiệp vẫn có nhiều lợi thế cạnh tranh khi bán hàng cho các nhà phân phối trong nước như quãng đường ngắn hơn, dẫn đến chi phí vận chuyển và bảo hiểm cũng thấp hơn. Giá hàng tồn kho cũng theo đó giảm hơn so với nhập khẩu.\r\n\r\nNgoài ra, với đồng tiền thanh toán là nội tệ sẽ giúp bên mua giảm được rủi ro tỷ giá. Thời gian đóng thuế được “ân hạn” hơn là lợi thế cạnh tranh tiếp theo được ông Nguyên nhắc tới. Theo đó, doanh nghiệp mua hàng trong nước thì sau 30 ngày mới phải nộp thuế nhập khẩu, còn nếu mua hàng nhập khẩu thì phải đóng thuế xong mới được nhập hàng.  \r\n\r\nCũng theo ông Nguyên, khi sản phẩm được “phủ sóng” nhiều hơn tại thị trường trong nước thì nhà máy sẽ có điều kiện tối đa hoá công suất, tối đa lên tới 110% mức thiết kế. Tính toán của lãnh đạo BSR cũng cho thấy, dự kiến năm 2016, công ty này sẽ nộp ngân sách khoảng 16.000 tỷ đồng. Nếu công suất của nhà máy tăng thêm 10% thì nộp ngân sách cũng sẽ tăng tương ứng, khoảng 1.600 tỷ đồng.\r\n\r\n“Việc hoạt động theo cơ chế tự chủ cũng là cơ hội để chúng tôi minh bạch hóa các hoạt động sản xuất kinh doanh và tạo tiền đề trong việc thu hút vốn của các nhà đầu tư trong và ngoài nước khi mà BSR sẽ IPO vào cuối năm 2017 theo lộ trình Chính phủ đặt ra”, ông Nguyên nói. Vị này cũng tiết lộ hiện có khá nhiều đối tác ngoại đang “nhắm” tới BSR, trong đó có đối tác từ Nga và Thái Lan…\r\n\r\nTrước đó, dù được Nhà nước cho giữ lại phần tiền tương đương 3-7% thuế nhập khẩu xăng dầu (tức là có thể dùng phần tiền này bù đắp chi phí, giảm giá bán), nhưng sản phẩm của BSR vẫn rơi vào hoàn cảnh rất khó khăn trong tiêu thụ, do giá bán cao hơn so với sản phẩm cùng loại nhập khẩu từ Hàn Quốc, ASEAN.\r\n\r\nMột trong những nguyên nhân là từ đầu năm 2016, thuế nhập khẩu xăng từ Hàn Quốc giảm xuống còn 10%, các loại dầu từ khu vực ASEAN về 0% trong khi mức thuế đối với sản phẩm của BSR vẫn là 20% và 5 %. Do đó, các doanh nghiệp xăng dầu đầu mối như Petrolimex, Saigon Petro, Thanh Mễ, Petimex… đã đẩy mạnh nhập khẩu xăng dầu từ Hàn Quốc, ASEAN và giảm lượng mua của Công ty Bình Sơn.', 2, NULL, '2016-09-05 22:54:41'),
(4, 'Bitexco bán cổ phần thuỷ điện cho Nhật', 'Dự kiến giữa tháng này, Bitexco Power sẽ phát hành một lượng lớn cổ phiếu trị giá hàng chục triệu USD dành cho cổ đông chiến lược mới là Tập đoàn tài chính Orix (Nhật Bản).', 'Tờ Nikkei đưa tin, Tập đoàn tài chính Orix sẽ đầu tư vào Công ty cổ phần Năng lượng Bitexco (Bitexco Power) trong tháng 9 này, như bước đi đầu tiên để tiến vào thị trường thủy điện Đông Nam Á.\r\n\r\nOrix sẽ nắm giữ 10% cổ phần của Bitexco Power cùng với Ngân hàng UOB (Singapore) vào giữa tháng 9, thông qua việc phát hành cổ phiếu mới của Bitexco Power. Theo Nikkei , giá trị số cổ phiếu này lên đến hàng chục triệu đôla. Sau khi chính thức nắm cổ phần, Orix sẽ tham gia vào hội đồng quản trị của Bitexco Power và đưa ra các cố vấn kinh doanh.\r\nOrix đã từng đầu tư vào các dự án năng lượng mặt trời, gió và địa nhiệt tại Nhật Bản và nước ngoài. Tuy nhiên, đây là lần đầu tiên công ty này tham gia vào lĩnh vực thủy điện.\r\n\r\nCũng theo Nikkei, nhu cầu điện tại Việt Nam đang tăng 10-12% mỗi năm do sự tăng trưởng về dân số và kinh tế. Một số nhận định cho rằng, nhu cầu tiêu thụ điện sẽ tăng 3 lần giai đoạn 2015-2030. Chính phủ Việt Nam đã có chủ trương tự do hóa thị trường điện với từng giai đoạn cụ thể, nhằm khuyến khích tư nhân tham gia vào ngành này.\r\n\r\nHiện thủy điện chiếm gần một nửa sản lượng điện tại Việt Nam. Chi phí vận hành nhà máy thủy điện cũng rẻ hơn các nhà máy điện dùng nhiên liệu hóa thạch. Orix lạc quan rằng, thị trường thủy điện tại Việt Nam có thể mang lại lợi nhuận hàng triệu đôla mỗi năm.\r\n\r\nBitexco Power (thuộc Tập đoàn Bitexco) được thành lập vào năm 2007. Hiện công ty này đang vận hành 18 nhà máy thủy điện với tổng công suất 1.000 MW.', 2, NULL, '2016-09-05 22:54:41'),
(5, 'Ông Lê Phước Vũ: ''Sẽ đóng cửa nếu nhà máy thép 10 tỷ USD gây ô nhiễm''', 'Chủ tịch Tôn Hoa Sen cam kết sẽ tự đóng cửa siêu nhà máy thép ở Ninh Thuận và giao hết toàn bộ tài sản cho Nhà nước nếu dự án gây ô nhiễm môi trường.', 'Với tổng mức đầu tư hơn 10 tỷ USD, sản xuất 16 triệu tấn một năm, dự án Khu liên hợp luyện cán thép Hoa Sen Cà Ná - Ninh Thuận do Tập đoàn Hoa Sen triển khai có công suất lớn nhất nước khi hoàn thành. Chủ tịch Tập đoàn Hoa Sen Lê Phước Vũ chia sẻ về tính khả thi, tác động đến môi trường của dự án.\r\n\r\n- Dự án triển khai trong bối cảnh dư luận có nhiều nghi ngại tác động môi trường của những dự án thép, đặc biệt kể từ sau sự cố xả thải tại Formosa Hà Tĩnh. Ông nói gì về điều này?\r\n\r\n- Theo tôi, việc vận hành khu công nghiệp hay nhà máy sản xuất, đặc biệt trong ngành công nghiệp nặng thì môi trường là vấn đề quan trọng và cấp thiết. Tuy nhiên, không có cơ sở để khẳng định cứ đầu tư khu công nghiệp thì sẽ gây ô nhiễm môi trường.\r\n\r\nVấn đề chất thải, khí thải là mối quan tâm tất yếu đối với bất cứ một ngành sản xuất nào, đặc biệt là ngành thép. Nhưng tôi cho rằng, với công nghệ hiện đại như hiện nay thì việc xử lý chất thải hoàn toàn có thể kiểm soát tốt để không gây ô nhiễm môi trường cũng như ảnh hưởng đến cuộc sống và sức khỏe của người dân.\r\nTôi đã đi rất nhiều nơi trên thế giới và thấy có hàng trăm tổ hợp thép ở vùng ven biển hoặc ngay giữa thành phố, trong lòng khu dân cư vẫn hoạt động hàng chục năm qua nhưng không hề xảy ra vấn đề về môi trường.\r\n\r\nĐó chính là lý do để tôi có thể khẳng định rằng với công nghệ hiện nay, chúng ta hoàn toàn có thể kiểm soát được vấn đề môi trường trong việc sản xuất thép nếu đầu tư một cách nghiêm túc. Bên cạnh đó, trong quá trình vận hành phải tuyệt đối tuân thủ quy trình công nghệ xử lý chất thải với tinh thần trách nhiệm cao thì sẽ không có vấn đề về môi trường xảy ra.\r\n\r\n- Quá trình đầu tư dự án diễn ra thế nào suốt thời gian qua?\r\n\r\n- Để chuẩn bị cho việc đầu tư dự án Khu liên hợp luyện cán thép Hoa Sen Cà Ná - Ninh Thuận, chúng tôi đã tiến hành các hoạt động rất cụ thể và minh bạch.\r\n\r\nThứ nhất là việc chuẩn bị thủ tục, hành lang pháp lý cho dự án. Tập đoàn dự kiến triển khai dự án theo 5 giai đoạn từ năm 2017 đến năm 2031, chia làm nhiều phân kỳ, công suất dự kiến đạt 16 triệu tấn một năm. Trong đó, phân kỳ một thuộc giai đoạn I của dự án được thực hiện trong năm 2017-2018 dự kiến sử dụng 240 ha đất, công suất 1,5 triệu tấn một năm và sẽ chính thức đi vào hoạt động trong năm 2019. Hiện chúng tôi tiến hành song song các thủ tục pháp lý để phục vụ cho quá trình triển khai dự án.\r\n\r\nThứ hai là về công nghệ. Để chuẩn bị cho việc triển khai dự án chúng tôi đã làm việc với tất cả các nhà cung cấp hàng đầu trên thế giới như SMS, Danieli Primetals... so sánh và lựa chọn phương án tối ưu cho dự án. \r\n\r\nChúng tôi thuê đơn vị GMC - công ty hàng đầu của Mỹ trong lĩnh vực thép để tư vấn về công nghệ, môi trường và giám sát trong quá trình vận hành nhà máy sau này. Với những bước chuẩn bị kỹ lưỡng như vậy, tôi hoàn toàn tin tưởng vào tính khả thi và sự thành công của dự án Khu liên hiệp luyện cán thép Hoa Sen Cà Ná - Ninh Thuận trong tương lai.\r\n\r\nCuối cùng là nguồn nhân lực. Tập đoàn có kế hoạch tuyển dụng nhân sự trình độ cao, đưa đi đào tạo ở nước ngoài. Trong giai đoạn đầu của dự án, chúng tôi dự kiến sẽ thuê những đội ngũ chuyên gia hàng đầu trên thế giới để vận hành, điều hành nhà máy song song với các cán bộ kỹ thuật của Việt Nam. Khi dự án đi vào hoạt động ổn định và đội ngũ nhân lực trong nước có thể đảm đương được việc vận hành nhà máy một cách độc lập thì sẽ bàn giao lại cho nhân lực trong nước.', 2, NULL, '2016-09-05 22:56:38'),
(6, 'Trường mầm non Việt Anh khai giảng năm học mới', 'Trường vừa khánh thành tại số 2 đường số 10, khu dân cư Tam Bình, phường Tam Bình, quận Thủ Đức, TP HCM với vốn đầu tư 70 tỷ đồng.', 'Đây là ngôi trường do Công ty TNHH Sản xuất thương mại Lan Phương (19 Nguyễn Văn Đậu, phường 5, quận Phú Nhuận, TP HCM) đầu tư xây dựng trên diện tích hơn 4.000m2. Nhà trường được xây dựng khang trang, hiện đại và khép kín với quy mô 3 tầng, có tổng diện tích sử dụng là 4.733m2, bao gồm cả diện tích tầng trệt và tầng sân thượng.\r\nTrường có 30 phòng học; 6 phòng chức năng gồm phòng giáo dục thể chất -nghệ thuật, năng khiếu, Kidsmart, thư viện, hoạt động ngoại khóa…; 2 sảnh ăn; một phòng y tế và 5 phòng hành chính. Ngoài ra, nhà trường còn trang bị một hồ bơi và một sân bóng đá; khu vực sân chơi với đồ chơi vận động ngoài trời và khu chơi cát, chơi nước cho trẻ…\r\n\r\nĐặc biệt, nhà trường đầu tư vườn rau sạch rộng trên 500m2 để các em được trải nghiệm công việc thực tế của người nông dân như làm đất, gieo hạt, trồng và chăm sóc rau…, đồng thời cung cấp rau củ quả sạch, an toàn cho bữa ăn hàng ngày của trẻ. Cùng với cơ sở vật chất hiện đại, tiện nghi là đội ngũ cán bộ quản lý, giáo viên và nhân viên có chuyên môn, nghiệp vụ, yêu nghề, yêu trẻ.\r\nBà Nguyễn Thị Phước - Giám đốc Công ty Lan Phương, chủ đầu tư trường mầm non Việt Anh cho biết, trường ra đời từ trải nghiệm của bà với mục tiêu tạo dựng môi trường giáo dục hiện đại, chất lượng cả về cơ sở vật chất và chương trình giảng dạy. Nhà trường giúp bé phát triển toàn diện cả về tri thức và nhân cách; chuẩn bị cho bé những nền tảng kiến thức, năng lực và tố chất cần thiết để tự tin gia nhập môi trường học tập ở các bậc học tiếp theo.\r\n\r\nTiếp thu nền giáo dục tiên tiến của các nước trên thế giới, nhà trường đã áp dụng linh hoạt một số chương trình giáo dục tiên tiến. Trong đó, chương trình giáo dục sớm theo phương pháp Glenn Doman giúp kích thích sự phát triển của não bộ và khả năng tư duy của trẻ. Nhà trường liên kết với trung tâm toán Mathnasium thực hiện chương trình toán tư duy, toán trí tuệ giúp trẻ có kỹ năng tính nhẩm, tính nhanh ngay từ lứa tuổi mẫu giáo. Bên cạnh đó là chương trình giáo dục kỹ năng sống cho trẻ theo phương pháp của Nhật Bản và chương trình làm quen chữ viết, trang bị kiến thức và kỹ năng chuẩn bị cho trẻ vào lớp 1.', 2, NULL, '2016-09-05 22:56:38'),
(7, 'Minh Thuận tỉnh lại, rời khỏi phòng chăm sóc đặc biệt', 'Ca sĩ Phương Thanh cho biết chiều 5/9, nam ca sĩ đã rời phòng hồi sức sau hơn một ngày nửa tỉnh, nửa mê. ', 'Phương Thanh, người túc trực trong bệnh viện từ khi Minh Thuận nhập viện, chia sẻ trên trang cá nhân nam ca sĩ đã rời phòng hồi sức, tình hình sức khỏe có dấu hiệu khả quan. Nữ ca sĩ là một trong hai người bạn thân đã làm thủ tục đưa Minh Thuận nhập viện khi bệnh tình của anh trở nặng.\r\n\r\nDiễn viên Cát Phương cũng cho biết cô được Hữu Bình (em kết nghĩa của Minh Thuận) báo tin nam ca sĩ đã tỉnh hẳn, bác sĩ nói trình trạng của anh có tiến triển.\r\nMinh Thuận nhập viện khoảng một tuần nay. Những ngày qua, sức khỏe của giọng ca Nỗi đau ngọt ngào đi xuống trầm trọng khiến mọi người lo lắng. Sáng 4/9, tình trạng của anh rơi vào nguy kịch, tưởng không thể qua khỏi. Khá nhiều bạn bè, đồng nghiệp lo lắng, cầu cho nam ca sĩ vượt qua cơn bạo bệnh. Đến tối cùng ngày, ca sĩ Phương Thanh đăng trên trang cá nhân cho biết Minh Thuận dù rất yếu vẫn cố viết những lời động viên bạn bè đang quan tâm anh.\r\n\r\nBố nam ca sĩ đã bay từ Mỹ về Việt Nam để chăm sóc cho con trai.\r\n\r\nMinh Thuận sinh năm 1969, là ca sĩ kiêm diễn viên nổi tiếng. Từ đầu thập niên 90, Minh Thuận và Nhật Hào thành đôi song ca ăn ý, được nhiều khán giả yêu thích với các ca khúc như: Lời sám hối, Cô bé dỗi hờn, Thất tình... Anh cũng tham gia đóng kịch, phim và điều hành công ty riêng, phụ trách tìm kiếm diễn viên cho các hãng phim.', 3, NULL, '2016-09-05 23:01:57'),
(8, 'Quảng Nam đề nghị treo cờ trọng tài ''cướp'' bàn thắng vào lưới Hải Phòng', 'Chủ tịch CLB Quảng Nam Lê Nguyên Hồng cho rằng trọng tài biên Nguyễn Văn Hậu, người thể hiện chuyên môn kém khi bắt việt vị với Diao, không nên được mời làm nhiệm vụ trong thời gian tới.', '"Nếu coi sai lầm đó là do chuyên môn, thì ông Nguyễn Văn Hậu đáng bị loại khỏi danh sách các trọng tài làm nhiệm vụ tại V-League thời gian tới. Đó là sai lầm không thể chấp nhận, chúng tôi đã bị cướp trắng một bàn thắng", Chủ tịch CLB Quảng Nam, Lê Nguyên Hồng chia sẻ với VnExpress.\r\n\r\nPhút 23 trận đấu trên sân Lạch Tray chiều 4/9, Minh Tuấn chuyền cho Diao băng xuống đệm bóng vào khung thành đã bỏ trống của Hải Phòng. Tuy nhiên, trọng tài Hoàng Phạm Công Khanh không công nhận bàn thắng bởi trọng tài biên Nguyễn Văn Hậu phất cờ báo việt vị. Đây là quyết định sai lầm bởi ngoại binh của Quảng Nam vẫn đứng trên hậu vệ cuối cùng bên phía Hải Phòng gần một mét khi Minh Tuấn thực hiện đường chuyền.\r\n\r\n"Chúng tôi đã gọi điện cho Trưởng Ban trọng tài Nguyễn Văn Mùi phản ánh về tình huống trên. Đó là sai lầm nghiêm trọng, không thể bỏ qua được. Trọng tài biên Nguyễn Văn Hậu đáng bị treo cờ. Quyết định sai lầm của ông ấy đã làm thay đổi kết quả trận đấu, ảnh hưởng tới cuộc đua vô địch", ông Lê Nguyên Hồng nói thêm.\r\n\r\nThoát thua sau sai lầm của trọng tài, Hải Phòng sau đó đánh bại Quảng Nam 2-1 để có 44 điểm như Hà Nội T&T và Quảng Ninh. Họ chỉ đứng thứ ba do kém hiệu số bàn thắng bại.\r\n\r\nBan trọng tài đã nhận báo cáo về quyết định sai của trọng tài biên Nguyễn Văn Hậu, nhưng đến cuối giờ chiều nay 5/9, vẫn chưa có quyết định về án phạt.', 3, NULL, '2016-09-05 23:01:57'),
(9, 'Crespo: ''Higuain đáng giá hơn Pogba''', 'Cựu tiền đạo nổi tiếng người Argentina cho rằng thương vụ mua Gonzalo Higuain của Juventus hợp lý và hiệu quả hơn so với màn tái hợp giữa Man Utd và Pogba.', 'Juventus trở thành tâm điểm của kỳ chuyển nhượng mùa hè 2016 với hai thương vụ mua và bán đình đám. Đội bóng thành Turin lập kỷ lục chuyển nhượng bóng đá Italy khi chiêu mộ Higuain từ Napoli, trước khi bán Paul Pogba trở lại Man Utd với mức phí cao nhất thế giới.\r\n\r\n"Không ai cho bạn thứ gì miễn phí, đặc biệt là trong bóng đá", Hernan Crespo nói với tờ La Nacion. "Nếu Juventus trả số tiền lớn để có Higuain, nghĩa là cậu ấy xứng đáng như vậy".\r\n\r\n"Theo quan điểm của tôi, trả 99 triệu đôla cho một tiền đạo ghi 36 bàn chỉ trong một mùa giải Serie A là điều hợp lý. Thương vụ này thực tế hơn rất nhiều so với Man Utd mua Pogba với giá 130 triệu đôla. Tôi nói điều này với sự tôn trọng lớn dành cho Pogba, một tiền vệ xuất chúng".\r\n\r\nHiguain đã lập công ngay trong trận mở màn Serie A của Juventus. Tiền đạo 28 tuổi vào sân từ ghế dự bị và ghi bàn ấn định chiến thắng 2-1 trước Fiorentina. Trong khi đó Pogba đã xuất phát hai trận cho Man Utd và tạo hiệu ứng tích cực ở tuyến giữa đội chủ sân Old Trafford.', 4, NULL, '2016-09-05 23:03:43'),
(10, 'Cờ vua nữ Việt Nam gây bất ngờ trước Trung Quốc', 'Các nữ tuyển thủ Việt Nam cầm hoà hạt giống số một với tỷ số 2-2 ở giải Olympiad diễn ra tại Baku, Azerbaijan.', 'Trong đội tuyển nữ Trung Quốc hiện tại có hai kỳ thủ đứng đầu bảng xếp hạng của Liên đoàn cờ vua thế giới là Hou Yifan (elo 2.658) và Ju Wenjun (elo 2.583). Tuy nhiên, cờ vua nữ Trung Quốc đã không thể hạ được Việt Nam trong trận đấu thứ ba diễn ra hôm qua 4/9.\r\n\r\nBàn số một, Phạm Lê Thảo Nguyên (elo 2.338) để thua đương kim vô địch nữ thế giới Hou Yifan. Tuy nhiên, ở bàn số ba, Nguyễn Thị Mai Hưng (elo 2.316) xuất sắc đánh bại Zhao Xue (elo 2.522), hạng 11 thế giới. Trong khi đó ở bàn số hai, Hoàng Thị Bảo Trâm (elo 2.325) cầm hoà số hai thế giới Ju Wenjun (elo 2.583). Bàn số bốn, Nguyễn Thị Thanh An (elo 2.249) buộc Tan Zhongyi (elo 2.475), hạng 21 thế giới phải chia điểm.\r\n\r\nTuyển nữ Việt Nam hiện có chín điểm. Trước khi cầm hoà Trung Quốc, họ đã đánh bại Morocco 4-0 và Bangladesh 3-1. Ở trận thứ tư, đối thủ của Việt Nam là Tây Ban Nha, đội đang có nhiều hơn 0,5 điểm.\r\n\r\nỞ bảng đấu của nam, tuyển Việt Nam thua Hà Lan 1,5 – 2,5 ở trận thứ ba. Trước đó, đội thắng Cyprus và Colombia cùng với tỷ số 3,5-0,5.\r\n\r\nOlympiad là giải thi đấu đồng đội lớn nhất thế giới của môn cờ vua, được tổ chức hai năm một lần. Do số lượng đội tham dự đông và chỉ thi đấu có 11 ván nên đây cũng là giải đấu cam go nhất đối với mọi kỳ thủ tham dự. Tại giải lần thứ 41 Tromso 2014, đội nam Việt Nam chỉ đứng thứ 27 và nữ thứ 19.\r\n\r\n', 4, NULL, '2016-09-05 23:03:43'),
(11, 'Giá trị chuyển nhượng của Ronaldo sụt giảm', 'Theo tính toán của trang tin chuyên về chuyển nhượng Transfermarkt, Cristiano Ronaldo giảm giá trị tới 9% so với mùa trước. Trong khi đó Gareth Bale hay Karrim Benzema đều tăng.', 'Transfermarkt đánh giá Ronaldo hiện chỉ có giá trị khoảng 145,5 triệu đôla. Mức này giảm 9% so với con số 160 triệu của mùa 2015-2016.\r\n\r\nMức giảm của Ronaldo là điều được dự báo trước, do gánh nặng tuổi tác. Siêu sao người Bồ Đào Nha sắp bước sang tuổi 32, đồng nghĩa với nguy cơ có thể sắp đi xuống sườn dốc sự nghiệp. \r\n\r\nTrong khi đó Bale được đính giá tăng 12%, từ 105 triệu lên 120 triệu. Benzema cũng nhảy nhảy từ 65 triệu lên 80 triệu.\r\nRonaldo giảm giá trị so với mùa trước, nhưng vẫn là cầu thủ có giá trị cao nhất của Real Madrid. Bale xếp thứ hai, trong khi hai vị trí tiếp theo thuộc về James Rodriguez (93 triệu) và Benzema.\r\n\r\nCầu thủ của Real có mức tăng lớn nhất là Marco Asensio. Từ 4,5 triệu mùa trước, tiền đạo 20 tuổi này hiện có giá trị 16 triệu, đồng nghĩa với việc tăng 242%. Asensio đang được tạo điều kiện thi đấu, và gần đây ghi bàn đẹp mắt trong trận tranh Siêu Cup châu Âu.\r\n\r\nCầu thủ giảm giá trị nhiều nhất của Real là Pepe. Bất chấp màn trình diễn tuyệt vời tại Euro 2016, anh vẫn giảm giá trị từ 20 triệu xuống 8 triệu (60%). Lý do chủ yếu là trung vệ này sắp bước sang tuổi 34 và chỉ còn chưa đầy một năm hợp đồng.\r\n\r\n', 5, NULL, '2016-09-05 23:04:47'),
(12, 'Đạo chích giấu 60 triệu đồng trong đống rơm', 'Cắt mái tôn đột nhập cửa hàng tạp hóa trộm được tiền và tài sản trị giá hơn 140 triệu đồng, Cảnh mang về nhà giấu trong đống rơm chờ cơ hội tiêu thụ.', 'Công an huyện Hương Khê (Hà Tĩnh) cho biết vừa khởi tố vụ án, bắt Đặng Bá Cảnh (21 tuổi, trú xã Hương Thủy) để điều tra tội Trộm cắp tài sản.\r\nTheo cơ quan điều tra, khuya ngày 1/9, Cảnh cắt mái tôn, đột nhập cửa hàng tạp hóa của bà Hoàng Thị Minh (56 tuổi, trú xã Phúc Đồng) để phá tủ sắt. "Đạo chích" này đi lấy 60 triệu đồng và nhiều thẻ cào điện thoại trị giá hơn 80 triệu đồng.\r\n\r\nChiều 3/9, Cảnh bị bắt. Tại Công an huyện Hương Khê, nghi can khai nhiều lần đến mua hàng, biết bà Minh có nhiều tiền nên nảy sinh lòng tham. Số tiền và thẻ điện thoại trộm được anh ta mang về cất trong đống rơm phía sau nhà, chưa kịp tiêu thụ thì bị bắt.', 4, NULL, '2016-09-05 23:05:38'),
(13, 'Xông vào tiệm uốn tóc giật điện thoại trên tay bé gái', 'Đứa trẻ 10 tuổi cầm chiếc iPhone6 chơi điện tử trong lúc chờ mẹ làm đẹp thì bất ngờ bị Ngọ xông vào giật mất. ', 'Theo bản án sơ thẩm ngày 5/9 của TAND Hà Nội, do kinh doanh thua lỗ, Lê Văn Ngọ (26 tuổi) và Nguyễn Huy Trường (28 tuổi) rủ nhau đi cướp giật tài sản.\r\n\r\nNgày 14/11/2015 đến trước một hiệu uốn tóc ở phường Mỹ Đình I (quận Nam Từ Liêm), phát hiện bé gái 10 tuổi cầm chiếc iPhone6 chơi điện tử đợi mẹ làm đẹp, Trường lập tức dừng xe. Ngọ xuống xe tiếp cận bé gái, nhanh tay giật lấy chiếc điện thoại đắt tiền...\r\n\r\nNhà chức trách xác định, Ngọ và Trường còn gây ra vụ giật chiếc iPhone6 của cô gái đang đứng ở bên đường, cướp túi xách có nhiều tài sản đắt tiền của một phụ nữ đi bộ ở phường Mỹ Đình II.\r\n\r\nTại phiên tòa hôm nay, HĐXX tuyên phạt Trường án 5 năm tù, Ngọ 4 năm 6 tháng cùng về tội Cướp giật tài sản.\r\n\r\n', 5, NULL, '2016-09-05 23:07:16'),
(14, 'Tập thể hình cùng những cô nàng quyến rũ nhất Instagram', 'Các ngôi sao fitness sở hữu thân hình chuẩn sexy chia sẻ các bài tập thể dục thực hiện trong phòng tập gym lẫn ngoài trời, theo Women''s Health.', 'Kayla Itsines là người mẫu và huấn luyện viên thể dục tại Australia. Cô gái sinh năm 1991 đã giúp đỡ, tạo động lực để nhiều phụ nữ lấy lại vóc dáng thon gọn và sự tự tin trong cuộc sống. Thời thiếu niên Kayla ưa thích chơi những môn thể thao mạo hiểm hay vận động mạnh. Cô tìm tòi và áp dụng những phương pháp chăm sóc tóc, da và vóc dáng. Nỗ lực tập luyện thu về quả ngọt giúp Kayla sở hữu thân hình lý tưởng và trở thành huấn luyện viên cá nhân truyền cảm hứng cho nhiều người. Tài khoản Instagram của cô có hơn 5,5 triệu lượt người theo dõi giúp chủ nhân thu về hàng triệu USD.\r\nCassey Ho là cô giáo dạy thể hình Fitness và Pilates. Tài khoản của cô có 1,3 triệu người theo dõi và rất được yêu mến trong cộng đồng Instagram. Từng trải qua những năm tháng nhàm chán với công việc văn phòng, Cassey chuyển hướng dành trọn đam mê dạy môn pilates. Những bài tập ngắn chỉ vài phút của Cassey được thiết kế năng động trên nền nhạc pop hiện đại. Điều đặc biệt là nữ huấn luyện viên này luôn mang lại sự lạc quan, vui vẻ và nhiệt huyết khích lệ mọi người tập luyện.\r\nCặp đôi Kaisa và Jennifer có trên 384.000 lượng người follow trên Instagram bởi tính vui nhộn và tràn đầy sức sống của những bức ảnh. Kaisa có bằng thạc sĩ về khoa học thể dục còn Jennifer là chuyên gia dinh dưỡng học của Trường Dược và Thể thao quốc gia. Họ hướng dẫn các bài tập tại nhà giúp đốt cháy mỡ thừa hiệu quả cho cặp đôi. Bạn có thể rủ bạn bè cùng tập luyện để thêm phần động lực.', 5, NULL, '2016-09-05 23:07:16'),
(15, 'Quái vật biển nằm trong quan tài đá suốt 170 triệu năm', 'Bảo tàng Quốc gia Scotland công bố hóa thạch của một con quái vật biển kỷ Jura có hình dáng giống cá heo với chiếc miệng dài đầy răng nhọn hoắt bị chôn vùi trong quan tài đá.', 'ABC.net.au hôm qua đưa tin, các chuyên gia của Bảo tàng Quốc gia Scotland vừa bóc tách thành công hóa thạch của một sát thủ biển sâu khổng lồ mang thân hình mập mạp, dài khoảng 4 m và có miệng dài với hàng trăm chiếc răng nhọn hoắt từ một khối đá cổ đại lớn.\n\n"Hóa thạch này thật tuyệt vời", nhà cổ sinh vật học Steve Brusatte ở Trường khoa học địa chất thuộc Đại học Edinburgh, Scotland, người tham gia bóc tách hóa thạch 170 triệu năm tuổi khỏi lớp đá, nhận xét.\n\nĐược mệnh danh Quái vật hồ Loch Storr, bộ xương hóa thạch bọc trong lớp đá được một nhà khảo cổ nghiệp dư phát hiện ở bãi biển trên quần đảo Skye cách đây 50 năm và giao lại cho Bảo tàng Quốc gia Scotland. Đây là loài bò sát thuộc họ thằn lằn cá, hay còn gọi là "ngư long", bị diệt vong trước khủng long và được thay thế bằng cá heo cùng cá voi.\n\n"Viện bảo tàng giữ gìn hóa thạch một cách cẩn thận trong suốt nửa thế kỷ, nhưng không đủ chuyên môn để tách nó khỏi lớp đá dày bao quanh và nghiên cứu", Brusatte cho biết. "Nhưng chúng tôi có khả năng đó và chúng tôi nhận thấy bộ xương này là hóa thạch bò sát biển hoàn chỉnh nhất từng thấy ở Scotland".\n\nĐầu năm nay, các nhà nghiên cứu phát hiện sự ấm lên toàn cầu đã xóa sổ thằn lằn cá sau 157 triệu năm thống trị đại dương. Theo Brusatte, loài vật này còn ấn tượng hơn cả quái vật hồ Loch Ness. "Mọi người không nhận ra những con quái vật biển từng thực sự tồn tại. Chúng lớn hơn, đáng sợ hơn và thú vị hơn huyền thoại quái vật hồ Loch Ness. Hóa thạch mới là một trong số đó. Nó từng sống ở Scotland cách đây 170 triệu năm", Brusatte nói.\n\nHóa thạch thằn lằn cá hoàn chỉnh sẽ giúp các nhà khoa học hiểu rõ hơn về thời gian thống trị và sự tuyệt chủng đột ngột của loài vật này.', 1, 'imagehere.png', '2016-09-06 09:37:04'),
(16, 'Mặt Trời thu nhỏ cung cấp năng lượng vô tận cho con người', 'Các nhà khoa học Mỹ đang phát triển một nhà máy điện nhiệt hạch, giống phản ứng diễn ra trên Mặt Trời, có khả năng cung cấp nguồn năng lượng vô tận.', 'Theo Nature World News, các nhà vật lý thuộc Phòng thí nghiệm năng lượng plasma Princeton, Mỹ (PPPL) tạo ra được một "Mặt Trời thu nhỏ" ở dạng thử nghiệm. Nó có khả năng cung cấp năng lượng sạch, an toàn và gần như vô tận cho loài người, chấm dứt sự phụ thuộc vào nhiên liệu hóa thạch.\n\nThiết bị thử nghiệm có dạng một tokamak hình cầu liền khối. Tokamak là thiết bị dùng để tạo ra các phản ứng kết hợp điều khiển được trong môi trường plasma. Hiện nay, trên thế giới mới chỉ có hai thiết bị như vậy được chế tạo, gồm thiết bị National Spherical Torus Experiment-Upgrade (NSTX-U) ở PPPL và Mega Ampere Spherical Tokamak (MAST) ở Trung tâm nghiên cứu năng lượng nhiệt hạch Culham, Anh, theo Eurek Alert.\n\nCác nhà máy điện hạt nhân hiện nay sử dụng phản ứng phân hạch, tạo ra năng lượng nhờ quá trình phân rã hạt nhân. Tuy có hiệu suất cao, phản ứng này có chi phí đắt và nguy hiểm do tạo ra sản phẩm phụ là các chất thải phóng xạ.\n\nNgược lại, phản ứng nhiệt hạch tạo ra năng lượng nhờ kết hợp hạt nhân nên an toàn hơn và không tạo ra rác thải phóng xạ. Tuy nhiên, phản ứng này đòi hỏi nhiệt độ nóng hơn Mặt Trời. Đây là lý do các Tokamak hình cầu được sử dụng. Tokamak có thể tạo ra plasma, trạng thái thứ 4 của vật chất ở áp suất và nhiệt độ rất cao, giúp kích hoạt phản ứng nhiệt hạch với từ trường tương đối thấp và không tốn kém.\n\nHoạt động của thiết bị gồm ba bước. Đầu tiên, plasma sẽ được tạo ra bằng cách sử dụng khí hydro siêu nóng (khoảng 150 triệu độ C) trong phòng thí nghiệm.\n\nTiếp đó, áp suất được tăng lên để nén plasma và đẩy các hạt nhân va chạm với nhau tạo ra phản ứng nhiệt hạch. Từ trường mạnh sinh ra từ các cuộn dây siêu dẫn quấn xung quanh được sử dụng trong quá trình này. Các nhà khoa học hy vọng nhiệt do phản ứng tỏa ra đủ để tự duy trì và chuyển một phần thành điện năng.\n\nTrong khi tokamak truyền thống có hình xuyến giống bánh vòng khá cồng kềnh, tokamak hình cầu nhỏ gọn hơn và trông giống như lõi táo. Các lò phản ứng nhiệt hạch tokamak có thể tạo ra nền tảng cho lĩnh vực năng lượng nhiệt hạch.\n\n"Chúng tôi đang mở ra những lựa chọn mới cho các nhà máy điện tương lai", Jonathan Menard, tác giả chính của nghiên cứu, giám đốc chương trình nâng cấp NSTX-U tại PPPL, cho biết.\n\nTuy nhiên, vẫn còn khá nhiều thách thức đặt ra, như sự hỗn loạn gia tăng khi plasma được đưa vào từ trường, sự gián đoạn phản ứng xảy ra khi mật độ plasma trong lò quá cao hoặc lẫn tạp chất do quá trình tương tác với thành lò. Các nhà nghiên cứu tại PPPL, Culham và khắp nơi trên thế giới cần phải tìm cách giải quyết những thách thức này cho các thế hệ lò phản ứng trong tương lai.', 21, 'imagehere.png', '2016-09-06 09:37:48'),
(17, 'Tiêu chuẩn hình thể đàn ông khỏe mạnh lý tưởng trong mắt phái đẹp', 'Nam giới quan niệm vẻ đẹp khỏe mạnh nam tính phải có body cơ bắp vạm vỡ, cơ bụng 6 múi, trong khi phái đẹp mơ về thân hình đàn ông cân đối, không quá cơ bắp và bờ vai chắc khỏe.', 'Theo Bright Side, hãng nội y nước Anh đã tiến hành nghiên cứu để tìm ra thân hình nam giới khỏe mạnh và cuốn hút trong mắt phái đẹp. Những người tham gia cuộc khảo sát được yêu cầu mô tả về hình ảnh mà họ nghĩ là hấp dẫn nhất về cơ thể nam giới để các nghệ sĩ phác họa nên chân dung dựa trên sự mô tả đó. Kết quả, hình dung về cơ thể quý ông khỏe mạnh, hoàn hảo trong mắt nam giới và nữ giới có sự khác biệt tương đối thú vị.\n\nCụ thể, các đấng mày râu quan niệm vẻ đẹp khỏe khoắn, nam tính đến từ hình thể vạm vỡ, cơ bắp 6 múi, ngực nở và bờ vai lực lưỡng. Theo đó, thân hình của tài tử Ryan Gosling với cơ bụng 6 múi săn chắc, bắp tay vạm vỡ của tài tử Hugh Jackman được nhiều nam giới mơ ước. Một điểm chung thú vị là cả nam giới và phái đẹp đều quan niệm đôi chân của các cầu thủ bóng đá là đôi chân nam giới hoàn hảo, khỏe mạnh.\n\nCác quý ông chăm chỉ tập gym, chạy bộ để được sở hữu đôi chân chắc khỏe của cầu thủ bóng đá Anh Frank Lampard. Về diện mạo, nam giới thích mái tóc cắt gọn phong cách Brad Pitt và khuôn mặt nam tính của cầu thủ David Beckham.\n\nPhái đẹp có xu hướng thích các đấng mày râu sở hữu mái tóc dài, lãng tử của nam ca sĩ Harry Styles và khuôn mặt bí ẩn của tài tử phim "50 sắc thái" Jamie Dornan. Trên thực tế, nhiều cô gái thích một chàng trai cân đối, vẻ ngoài khỏe mạnh hơn một thân hình quá cơ bắp, vạm vỡ.\n\nBờ vai chắc, bắp tay khỏe khoắn là những dấu hiệu phái đẹp tin tưởng nam giới có sự chăm sóc sức khỏe, luyện tập thể dục. Vòng bụng phẳng, thân hình cân đối của người mẫu David Gandy, bắp tay chắc khỏe của Brad Pitt là hình mẫu lý tưởng của phái đẹp. Phụ nữ cho điểm 10 với đôi chân khỏe khoắn, nhanh nhẹn của ngôi sao bóng đá một thời, David Beckham.', 8, 'imagehere.png', '2016-09-06 09:41:16'),
(18, 'Bức thư người mẹ gửi tới bạn cùng lớp của con', 'Do bị tự kỷ, con trai chị Jessica Sylfest thường xuyên kích động và có nhiều hành động khác thường. Người mẹ này đã viết bức thư dài gửi đến các bạn ở lớp mẫu giáo của con với mong muốn nhận được sự chia sẻ, hợp tác.', 'Jessica Sylfest (Mỹ) là mẹ của 2 đứa con khác biệt. Tháng 2/2014 con trai 2 tuổi Grayson của cô được xác định mắc chứng rối loạn phổ tự kỷ (ASD). Cô bắt đầu lập trang blog “Pieces of Love” kể về tình yêu, gia đình, sự đấu tranh, khoan dung, hy vọng và tất cả mọi thứ của mình. Bức thư cô viết gửi những bạn cùng lớp mẫu giáo của Grayson trên trang blog vào ngày 31/8 vừa qua đã thu hút và nhận được sự đồng cảm của rất nhiều người, đặc biệt là phụ huynh.\n\n“Thân gửi những cô bé, cậu bé,\n\nChào các con! Chào mừng các con đến lớp 4K! Các con thật đáng yêu với những chiếc balô hình người nhện và những bộ váy Elsa lấp lánh. Cô chỉ biết rằng các con sẽ có một năm học tuyệt vời để khám phá trường học mới xinh đẹp và phát triển trí não.\n\nNăm học này đánh dấu mốc đầu tiên trong 13 năm các con sẽ cùng nhau trải nghiệm ở trường Williams Bay. Nhiều con sẽ tìm được tình bạn cả đời của mình trong khi học ở trường. Những người bạn tốt nhất của cô đều là những người cô gặp ở trường học.\n\nBây giờ các con còn quá nhỏ để hiểu điều này, nhưng các con có rất nhiều quyền. Các con có quyền tạo ra không gian chứa đầy tình yêu, sự tôn trọng và sự bằng lòng trong phòng học. Quyền nắm bắt những điều các con không hiểu. Quyền nhìn thấy tất cả điều tuyệt vời làm cho mọi người trở nên đặc biệt. Quyền phát triển không chỉ trí não mà còn cả trái tim. Và sau đó, các con có quyền để về nhà và chia sẻ sự thông minh vô hạn của mình với gia đình và bạn bè. Bởi vì ngay cả khi chỉ 4 tuổi, các con có quyền để yêu vô điều kiện.\n\nĐây là một cái gì đó sẽ trở nên khó khăn hơn khi các con lớn lên. Chúng ta cần những đứa trẻ dũng cảm như các con để học và giữ gìn tình yêu vô điều kiện. Chúng ta cần các con để dạy những người trong thế giới đã quên mất tình yêu vô điều kiện là gì. Để tha thứ mà không cần lý do. Để tin tưởng mà không do dự.\n\nCác con có thấy cậu bé ở kia đang lắc lư với sự phấn khích? Có phải là cậu bé không trả lời các con khi hỏi tên? Đó là con trai Grayson của cô. Grayson là cậu bé tuyệt vời nhất. Con tràn đầy niềm đam mê, tình yêu và năng lượng. Con thích không gian, ném đá và ăn cá sucker. Con không thể nhìn vào người khác khi họ nói chuyện với mình, nhưng con có thể nghe thấy. Grayson có thể không trả lời khi các con hỏi, nhưng cậu bé đang gào thét câu trả lời ở bên trong. Grayson có thể không tham gia chơi cùng nhóm bạn nhưng con thật sự muốn.\n\nGrayson là một chút khác biệt với chúng ta. Không xấu. Không tốt hơn hay kém hơn. Không kỳ lạ hay nghịch ngợm. Chỉ khác biệt. Grayson bị ASD. Đôi khi, Grayson sẽ hành động khác các con. Các con không thể hiểu vì sao. Điều đó không sao. Grayson chỉ đơn giản là chính mình. Một Grayson ngây thơ, tuyệt vời, đáng yêu.\n\nCác con có thể làm giúp cô một việc được không? Hãy hỏi lại Grayson tên của cậu bé là gì. Lần này hỏi chậm hơn một chút. Hãy nhìn vào mắt Grayson và đợi cậu bé nhìn lại các con. Hãy rủ Grayson chơi cùng. Hãy hiểu khi thỉnh thoảng Grayson trả lời “Không”. Hãy nhớ rằng Grayson không giận các con. Hãy biết rằng Grayson vẫn muốn làm bạn với các con. Có lẽ Grayson chỉ cần nghỉ ngơi chút.\n\nĐôi khi Grayson bị kích động. Các con có biết cảm giác bị kích động là thế nào không? Các con đã bao giờ ngồi yên trong xe trong thời gian rất lâu chưa? Và các con bắt đầu mất kiên nhẫn và sẽ thực sự vui mừng khi được ra khỏi xe? Đó là cảm xúc thường xuyên của Grayson. Grayson bị kích động và chỉ cần nghỉ ngơi, nhưng đôi khi con làm những điều vô thức. Grayson có thể đập đồ chơi của các con hay đẩy các con. Grayson cảm thấy có lỗi khi làm những điều đó.\n\nCô có thể nhờ các con thêm một việc nữa? Cô biết cô nợ các con những ân huệ này. Nếu Grayson bị kịch động và làm điều gì đó các con không thích, hãy hít một hơi thật sâu, nhẹ nhàng nói với Grayson rằng các con đã chơi xong và sẽ bỏ đi. Khi Grayson không còn bị kích động nữa, cậu bé sẽ đến tìm các con để xin lỗi. Cô biết rất khó khăn để bỏ đi khi ai đó làm các con khó chịu. Nhưng Grayson khác biệt và đôi khi chúng ta có thể giúp những người khác biệt bằng cách hiểu và cho họ khoảng không gian.\n\nCô không bao giờ muốn các con bị tổn thương! Vì vậy, nếu các con không cảm thấy an toàn, hãy nói với giáo viên một cách nhẹ nhàng và bình tĩnh. Giáo viên sẽ đảm bảo các con được an toàn và cũng sẽ giúp Grayson khi đang bị kích động. Đôi khi việc các con tự mình giúp Grayson có thể làm cho cậu bé bị kích động hơn.\n\nLà một đứa trẻ không phải là nhiệm vụ dễ dàng. Người lớn yêu cầu các con thông minh, mạnh mẽ và can đảm trong mọi tình huống. Đôi khi, họ yêu cầu các con làm những việc mà họ không thể tự làm. Các con được yêu cầu chia sẻ đồ chơi và cư xử đúng đắn, nói “cảm ơn” và “làm ơn”. Mỗi ngày các con lớn thêm một chút. Và đôi khi trẻ lớn lên mà quên mất cách đối xử với mọi người bằng tình yêu, sự tôn trọng và bằng lòng đơn giản như thế nào, cho dù những người đó khác biệt.\n\nCô biết hôm nay cô đã đòi hỏi rất nhiều ở các con! Và cô hứa sẽ mang cho các con những món ăn ngon để thay lời cảm ơn cho những ân huệ này. Nhưng bây giờ, cô chỉ có thể gửi đến các con một món quà duy nhất - lời cảm ơn sâu sắc nhất vì đã chấp nhận Grayson của cô. Rất khó khăn cho cô khi đưa Grayson đến trường cùng các con mỗi ngày. Cô luôn lo mỗi khi không ở cùng Grayson. Cô băn khoăn về những điều mình không thể kiểm soát. Cô sợ rằng thông điệp của mình không tới được các con. Cô sẽ mang những món quà để cảm ơn các con. Và cũng sẽ tặng các con những món quà của Grayson.\n\nTừ trong trái tim, cô biết rằng Grayson sẽ dạy cho các con những gì cậu bé đã dạy cho cô trong suốt 4 năm qua. Grayson sẽ dạy các con sự kiên nhẫn, kiên trì, bền bỉ, sự khác biệt và chấp nhận sự khác biệt. Mặc dù khác biệt, Grayson sẽ dạy các con biết cách yêu quý và làm bạn với cậu bé, biết cách nắm bắt những sự khác biệt tuyệt vời của cậu bé và của chính các con.\n\nCác con có rất nhiều quyền. Với độ tuổi lên 4, các con có thể giúp cô thêm một nhiệm vụ đơn giản: Các con có thể giúp cô thay đổi thế giới. Hãy tạo nên một thế giới an toàn, tốt đẹp và khoan dung hơn với cho những đứa trẻ như Grayson. Hãy cũng nhau làm điều đó nhé.\n\nMẹ của Grayson”.', 7, 'imagehere.png', '2016-09-06 09:42:19');

-- --------------------------------------------------------

--
-- Table structure for table `users`
--

CREATE TABLE `users` (
  `id_user` int(255) NOT NULL,
  `username` varchar(120) COLLATE utf8_unicode_ci NOT NULL,
  `password` varchar(120) COLLATE utf8_unicode_ci NOT NULL,
  `fullname` varchar(200) COLLATE utf8_unicode_ci NOT NULL,
  `active` tinyint(1) NOT NULL
) ENGINE=InnoDB DEFAULT CHARSET=utf8 COLLATE=utf8_unicode_ci;

--
-- Dumping data for table `users`
--

INSERT INTO `users` (`id_user`, `username`, `password`, `fullname`, `active`) VALUES
(1, 'admin', '202cb962ac59075b964b07152d234b70', 'VinaENTER EDU 1', 1),
(2, 'vinaenter', 'e10adc3949ba59abbe56e057f20f883e', 'VinaENTER Editor', 0),
(6, 'vinaenter1', '36eba1e1e343279857ea7f69a597324e', 'VinaENTER Editor', 0);

--
-- Indexes for dumped tables
--

--
-- Indexes for table `category`
--
ALTER TABLE `category`
  ADD PRIMARY KEY (`id_cat`);

--
-- Indexes for table `news`
--
ALTER TABLE `news`
  ADD PRIMARY KEY (`id_news`);

--
-- Indexes for table `users`
--
ALTER TABLE `users`
  ADD PRIMARY KEY (`id_user`);

--
-- AUTO_INCREMENT for dumped tables
--

--
-- AUTO_INCREMENT for table `category`
--
ALTER TABLE `category`
  MODIFY `id_cat` int(255) NOT NULL AUTO_INCREMENT, AUTO_INCREMENT=27;
--
-- AUTO_INCREMENT for table `news`
--
ALTER TABLE `news`
  MODIFY `id_news` int(255) NOT NULL AUTO_INCREMENT, AUTO_INCREMENT=19;
--
-- AUTO_INCREMENT for table `users`
--
ALTER TABLE `users`
  MODIFY `id_user` int(255) NOT NULL AUTO_INCREMENT, AUTO_INCREMENT=7;
/*!40101 SET CHARACTER_SET_CLIENT=@OLD_CHARACTER_SET_CLIENT */;
/*!40101 SET CHARACTER_SET_RESULTS=@OLD_CHARACTER_SET_RESULTS */;
/*!40101 SET COLLATION_CONNECTION=@OLD_COLLATION_CONNECTION */;
